{
	"tree1": {
		"textures": ["tree1"],
		"type": "static",
		"cells": [[0, 0], [0, 1], [1, 0], [1, 1]],
		"caption": "Tree (variant 1)"
	},
	
	"tree2": {
		"textures": ["tree2"],
		"type": "static",
		"cells": [[0, 0], [0, 1], [1, 0], [1, 1]],
		"caption": "Tree (variant 2)"
	},
	
	"cinema": {
		"textures": ["cinema.l1", "cinema.l2", "cinema.l3", "cinema.l4"],
		"type": "static",
		"cells": [
			[0, 0], [0, 1], [0, 2], [0, 3],
			[1, 0], [1, 1], [1, 2], [1, 3],
			[2, 0], [2, 1], [2, 2], [2, 3],
			[3, 0], [3, 1], [3, 2], [3, 3]
		],
		"caption": "Cinema"
	}
} 
